Dk_label,Lamp5,Pax6,Vip,Sncg,Lamp5 Lhx6,L5 ET,L5/6 NP,L6 CT,L6b,Astro,VLMC,Endo,Micro/PVM,Oligo,OPC,L2/3 IT,L6 IT Car3,L4 IT,L6 IT,L5 IT,Chandelier,Pvalb,Sst,Sst Chodl
unknown,0.0022810096363636363,0.03254827131164351,0.0245542596051507,0.036627730272727275,0.013239236181818182,0.1400307413895624,0.06271147135003691,0.14623597182080775,0.03029889955460654,0.11454306573551047,0.0,0.0,0.053610253139428,0.06971520889314972,0.054774389721854194,0.016714929219850273,0.038769532200744694,0.0,0.022178577803081908,0.04141922563070505,0.028220565963965393,0.0,0.049787347904888014,0.02173931263636364
L_bankssts,0.023901658875000002,0.021467284885795645,0.0078054639375,0.024911198487491,0.0246092940625,0.04181450886404566,0.037344135875,0.0064269866875000005,0.04871063706116452,0.014678786987783207,0.007882866,0.008212147625,0.0070119728125,0.011009179002891445,0.1164942792492207,0.22625971427560948,0.005821041187500001,0.07228361385994041,0.08716474908784362,0.12115379897211774,0.019280546263397837,0.03626196543002868,0.023171184125,0.006322986437500001
L_caudalanteriorcingulate,0.011892330746339363,0.05514949735133651,0.07017199313738347,0.026344893954989894,0.009949282095238095,0.1086870688509837,0.020615442437733614,0.1377617575371532,0.01445698683474235,0.12046298984198507,0.001084218857142857,0.0030581152857142857,0.022379901714285715,0.06519545809329529,0.048938232739958044,0.0,0.022912175571428574,0.0,0.1402183470663402,0.017558616784191895,0.045882580827255694,0.0018031603333333332,0.03454029409886593,0.020936655904761903
L_caudalmiddlefrontal,0.032014080392993687,0.03299641320933246,0.13312745804045664,0.013235465966666667,0.0169423838037447,0.12458075288895569,0.017318634843126266,0.03702238985412388,0.02465402701120622,0.021203601845840407,0.00254920023,0.015644867333333333,0.018108895033333336,0.004214479466666667,0.07424614078435002,0.08239459213884995,0.012538363033333333,0.05348873721628016,0.11440303068635412,0.09915101900791387,0.0147345883,0.041725061285734145,0.007333915733333333,0.006371901966666666
L_corpuscallosum,0.025307366500000004,0.039920461630029595,0.1502519782467904,0.030980381071428566,0.007846033857142857,0.0895174064922166,0.022056617071428575,0.10673514535613363,0.015395048865222194,0.08453244340454384,0.0007706774285714286,0.0034185049285714287,0.029133126,0.03918877056681137,0.04752018261198048,0.02640913198662798,0.011998114214285713,0.09051853972306899,0.021711883415162253,0.027765194653159315,0.04553103961712644,0.04562992644667544,0.026304605054002967,0.011557420642857143
L_cuneus,0.0466537091429319,0.009113922125000002,0.02173786608186654,0.0,0.016948291936717968,0.0353809992931505,0.0172647703125,0.04755233570923877,0.0028646478125,0.0057613369375,0.0031300176562500002,0.0151835285625,0.0091186775,0.0,0.06801563237531714,0.07559282795494643,0.007504186249999999,0.45300968699454736,0.04795627080224355,0.030559400602684514,0.009201038875,0.06022095702394259,0.0157832858125,0.0014466098750000001
L_entorhinal,0.00975000425,0.013037742500000001,0.05069233256734975,0.063093534,0.013572540749999999,0.0199650395,0.0,0.06760643331521063,0.0,0.37695529672271877,0.0062220795,0.0028045755,0.03601593575,0.10021301239069738,0.0,0.01828830375,0.052360931,0.0,0.0286260115,0.026051706,0.04723635375,0.0,0.06168624375000001,0.0058219225
L_fusiform,0.014912979269230768,0.023806312381829866,0.042761830900678206,0.039802187106599114,0.03506357882493774,0.015275594031603976,0.035736661901597806,0.026821444676442326,0.031443138045286256,0.05214672258063096,0.008265110064102563,0.005872780115384614,0.015129720862620885,0.02919855399171739,0.06008683651211175,0.18101069904221564,0.01970441622554722,0.057662056471298156,0.10007503536404665,0.10413855579892492,0.03824332143070069,0.009890754872014065,0.04668681160291441,0.006264897967948717
L_inferiorparietal,0.030269307007742174,0.024362115614083486,0.051265373070659634,0.021090361085368544,0.017990558870370373,0.03854767321244223,0.058778626467613344,0.01421037893898838,0.02310215571825813,0.03979515407957084,0.005261516185185185,0.01067973323888889,0.019372022446380338,0.010392227555555555,0.059820119159689183,0.18866122343891778,0.006820762944444446,0.1168829379124299,0.0671818845421886,0.11804517473731184,0.01558120058628277,0.04649196690210564,0.014374751950916618,0.0010227743888888887
L_inferiortemporal,0.017989552803417703,0.027335301364163022,0.05036598725516884,0.0467661968639791,0.022062491579535368,0.018042585056697057,0.0397225270281301,0.028284759279859007,0.040521047753180495,0.06387538317450937,0.005493365872093023,0.004713425872093023,0.018224394420334543,0.028940537627076154,0.051483569886086905,0.17715079769284928,0.027732045962389516,0.016928201823837738,0.109225516136142,0.10927100261833202,0.03704220895764541,0.00936606718114,0.04309446368056011,0.006368569988372094
L_isthmuscingulate,0.02436372873333333,0.023800537466666664,0.07543071998380892,0.019126012866666667,0.010239774266666668,0.08631492972796036,0.02392956906666667,0.04282947679713136,0.026526777634318353,0.06917485448866363,0.0024490460000000003,0.006861249066666668,0.011780735933333331,0.0140896288,0.041095270940025255,0.07084336712957019,0.015665675466666668,0.24031809161460757,0.04343901927764329,0.08128777659142777,0.010145960466666666,0.043923692424643536,0.012162267266666667,0.0042018385333333335
L_lateraloccipital,0.03717291468358542,0.007557477096307838,0.040056471320331376,0.002311729327868853,0.014475287901639346,0.04304201031160477,0.02674359579022114,0.042752929579087356,0.024403361373410457,0.011218994065573772,0.006172920514754097,0.010901378081967216,0.01035196013114754,0.004394361550442569,0.05620856611187681,0.10678736835774881,0.007608498737704918,0.36633083737091343,0.03698469483426578,0.06367864202395027,0.004749791661149438,0.06262609055326361,0.01298996504918033,0.0004801535901639344
L_lateralorbitofrontal,0.018793842461538455,0.05245083396634192,0.056159796033411466,0.03596170049109582,0.03299888328971675,0.04135970592050282,0.02403890430478399,0.026095865443294064,0.06007543787520277,0.03646328466322621,0.005225451538461539,0.003792579897435897,0.007429818410256411,0.015403301208928495,0.09150271864440028,0.1409294026203685,0.01598423259088539,0.04366788935099448,0.06984058138641966,0.11366674631107397,0.025166811851594285,0.02467982168404473,0.04688223193658175,0.011430158230769231
L_lingual,0.0394480856969697,0.003871065060606061,0.0347887010695826,0.006063336545454546,0.013667425424242426,0.022598323139997527,0.014104566727272729,0.035845271220186326,0.020517924323395238,0.01254258527329909,0.007184166787878788,0.011123587212121212,0.009196346727272727,0.0024944796363636362,0.04429741799756473,0.11238961681899122,0.009008128666666667,0.4864289860849602,0.04630069099966056,0.017321857225169348,0.006801262186836348,0.03502474124452621,0.007952643727272729,0.0010287900272727272
L_medialorbitofrontal,0.014867838172790698,0.032421702131925134,0.0582796427457527,0.04978195995914124,0.028637666067089243,0.02419641457034656,0.024289164097630166,0.03309715068774673,0.053853637787616655,0.08737253401192503,0.004822245767441862,0.00224517376744186,0.013705852255813953,0.04173025310757845,0.039463946215729594,0.15360259838526688,0.01688939253107209,0.024172595117135674,0.03161996898093167,0.11074561974611999,0.045427565279644484,0.019553005087389694,0.07745277435160336,0.011771299279069768
L_middletemporal,0.022071746642970617,0.04496803909640322,0.057313058816054925,0.04034703606417844,0.01594829591549296,0.019473587503436227,0.036980493884808646,0.01705004423302453,0.03420218507425278,0.05290142799569237,0.005029196526760563,0.003640409633802817,0.018664899033241093,0.02720122085887898,0.09188727830192213,0.17211683734057373,0.019462189201139818,0.04120688105581456,0.05962683293089751,0.12004779719243018,0.04375341719564842,0.01215306620865493,0.03607348099415285,0.007880578338028169
L_parahippocampal,0.0,0.0,0.06993124002943533,0.07175233916853054,0.008454889,0.15104285321296873,0.01882194,0.12210526787981903,0.006541317333333334,0.1367866277793884,0.005743864333333334,0.0,0.02904809,0.04195037148662623,0.0,0.0,0.06694859375436484,0.0,0.1637992738258451,0.05796463809685149,0.014134303333333332,0.0,0.024143954,0.010830436666666667
L_paracentral,0.029376953333333327,0.03497073988180068,0.06838401699809439,0.004785155208333333,0.017303624208333333,0.17604741885286765,0.026115069724747433,0.08072201563774638,0.03405110418920525,0.010239875458333334,0.005117067791666667,0.017057445291666664,0.0076453540416666676,0.0025272237916666666,0.07240481729538852,0.07215281521548356,0.011206505666666667,0.08743862951363567,0.10751198728581506,0.057443749795664294,0.025666451242495156,0.04528442278753977,0.0038133207500000003,0.002734236333333333
L_parsopercularis,0.021380419588235295,0.031131581176470583,0.11623440078753987,0.013066374588235296,0.006553399588235293,0.03347467560350313,0.031496408543600224,0.024629889671758973,0.08224544383060567,0.03136363584573802,0.004566149529411765,0.017116619,0.009334859352941175,0.009615625235294118,0.042575103794233106,0.11272482033284768,0.040071207317573854,0.025973241588594473,0.20334730693330869,0.03970922089084133,0.013846820529411765,0.04573447911233286,0.027026993121309403,0.01678132417647059
L_parsorbitalis,0.013757719699999999,0.07150767316156441,0.04601867080173143,0.04111933567544881,0.01472959995,0.014713861417365531,0.034028961192375556,0.03991111300659863,0.05752031023769781,0.023547973191841102,0.007406418099999999,0.00446374325,0.0052925234499999994,0.0119013128,0.07157159957855802,0.2577584765085807,0.0034777197499999994,0.020968837865138895,0.04798029257366536,0.10527098930244397,0.016849902450000002,0.03497969175206966,0.0438825728847576,0.01134070145
L_parstriangularis,0.026621406743249358,0.046063596233381465,0.07358972013636808,0.021420122662502775,0.012847213,0.051876181295386695,0.030594989688523738,0.029703608079760194,0.06587323216114165,0.01219918438095238,0.0061726801428571435,0.006698144476190477,0.012085085952380952,0.005261829047619048,0.08702925044197692,0.163000133263593,0.014656498522494111,0.07980340347419286,0.026154546589714195,0.12416456853020204,0.025263634990644362,0.04116782967189216,0.028648278380952377,0.009104862238095238
L_pericalcarine,0.04292195875,0.0065611965,0.04017781211206249,0.0,0.0099810572,0.012523596199999997,0.0016597142,0.039094309278476874,0.023749742649999996,0.00932896062,0.00609915275,0.011219918450000001,0.008048306,0.00202658735,0.033456864580796816,0.01002733255,0.0118728703,0.6405919068361703,0.036398256421262924,0.0,0.00197522825,0.039429749507466264,0.012761097600000002,9.43819e-05
L_postcentral,0.027742407440734595,0.018952340268989138,0.0692927863092133,0.00625824069090909,0.016734558163636365,0.04797271464197554,0.021491404884228044,0.04061505386721134,0.027483965860986257,0.023817215911173247,0.0046999295272727275,0.010219584581818182,0.01882169010909091,0.0036110589272727277,0.059659624543075565,0.0979748016978287,0.013422102200000001,0.26708653247652414,0.039193568467373534,0.07639164308471358,0.015285375386585998,0.07191379559654211,0.016482259039250106,0.004877346425454546
L_posteriorcingulate,0.02541275703283506,0.04183806216890619,0.08215452783996532,0.038337677207103564,0.021016593324103938,0.09465171289499164,0.03690495838897675,0.06964513188335601,0.040619605741960496,0.08130742140045691,0.0034963181562499995,0.005062233250000001,0.0088477679375,0.02684000702869197,0.03162600927181217,0.084377661044289,0.017803355149082285,0.03923363756238393,0.05953655949606852,0.10246803241684559,0.042433627836773624,0.01658673666722829,0.021322905146564524,0.008476701
L_precentral,0.028026703770759647,0.0294348369219894,0.11027403716833024,0.006096837402777778,0.01648421218448004,0.16969174835201933,0.01758110653874327,0.06757946697993045,0.020783030940817515,0.02776238510180458,0.003376373745833333,0.01723197091666667,0.012309945841666666,0.004174155111111111,0.055468830820012735,0.058708353041619796,0.019442794953684554,0.08401699433397959,0.12503604890978923,0.047746816674852484,0.022860493162307625,0.03725894918166419,0.010560245430555556,0.008093662611111113
L_precuneus,0.03175536827124501,0.020317454122069166,0.06450838501890532,0.006448142369565217,0.015289812173913045,0.06211939340299898,0.03668594421056761,0.04175850171104949,0.03111734573148147,0.0348054984839054,0.009934503999999999,0.009350463369565217,0.002771462630434782,0.007938777630434782,0.06974765361750919,0.1751003057073489,0.008929416566189396,0.16586260844291253,0.06341702898019565,0.08389727167824346,0.02124659344555649,0.02161533780576026,0.01154260415217391,0.0038401265000000003
L_rostralanteriorcingulate,0.012241581999999999,0.010599142000000002,0.03913199640373612,0.08028864953763297,0.012389298142857144,0.013190623571428571,0.06895278253463996,0.10373078636954838,0.06153982208759541,0.1877004159157357,0.00021724771428571426,0.0007023287142857142,0.022546540714285714,0.041059554,0.007325806142857143,0.02582740281560067,0.053454411041577124,0.0,0.08785409487016545,0.050209323228440884,0.015306275285714285,0.007245081714285714,0.08569899244078145,0.012787842714285713
L_rostralmiddlefrontal,0.020028257943267846,0.04680858670194569,0.08006917803556671,0.03542524192771222,0.016634986176464042,0.024967845398676802,0.02309358059703762,0.01511665716902926,0.05224884642789029,0.058380331719065204,0.005699529465306123,0.005737847102040816,0.010030583163265305,0.013323980755102039,0.0822468629226863,0.20295695723519885,0.0069713608979591855,0.05315059918138673,0.050256279633779176,0.10811534266186018,0.018175986706844786,0.03913424285644297,0.02628632180313046,0.005140593448979592
L_superiorfrontal,0.02601967391747352,0.04050319236658024,0.06995762344460123,0.02914086908378464,0.017481198717999896,0.10681926083965426,0.02986350067155882,0.04871019524442623,0.047878231993362795,0.04698458348540411,0.002632035739560439,0.007708279659340659,0.011794068252747253,0.016091461802197803,0.06147591157577421,0.10961196020004782,0.014957030741754068,0.024243499115931093,0.11349688600683834,0.09687308718436369,0.02584915284320041,0.026540002925503185,0.017578991681318688,0.007789302603296703
L_superiorparietal,0.030636775044653786,0.024794592426162113,0.056297911207024355,0.00753120811111111,0.017924441407407406,0.06027830013333424,0.03202758189992924,0.03256939184839082,0.014950004366381909,0.03912971727196796,0.006484813592592591,0.010773763722222225,0.01928553317448715,0.007310586648148147,0.05415143318032942,0.19436996320165606,0.005116800904728786,0.17182312152753962,0.05646371484133331,0.07403898015427729,0.015980877537037037,0.05426004465458972,0.01183260688888889,0.001967836277777778
L_superiortemporal,0.022146867365793865,0.025963064900702024,0.03594045346835295,0.035569360824617986,0.02608360356665406,0.018056908720856375,0.03954048048779687,0.018720143741699773,0.04109639261378094,0.04416658376748408,0.006738062976190477,0.004852191607142857,0.019165739863734148,0.029863621360236032,0.0492285407337403,0.1713541263527799,0.02057326484509449,0.09593421722143661,0.07944246948743404,0.11861058008285953,0.03560690166777968,0.022138170115938285,0.03449318414848727,0.004715070070238096
L_supramarginal,0.022307582548387092,0.02289381058759445,0.09531930176780808,0.015272847300613703,0.010220561870967742,0.042218332637824846,0.03412993038457323,0.01960386644104126,0.035956769210861605,0.02947406524836762,0.00802606893548387,0.006005730064516128,0.025952028637805682,0.010898187096774193,0.04745867419678636,0.19770775424861367,0.011345721016885909,0.05997983278848811,0.06653274562126084,0.16688209376604732,0.01710064496553656,0.033976163960680934,0.0166427624516129,0.004094524322580645
L_frontalpole,0.0,0.13125750676004877,0.02401870125,0.0,0.00488694225,0.07117670674420626,0.0,0.020015533250000002,0.00087095425,0.004300533499999999,0.001449959,0.0,0.0373304155,0.02665449025,0.5391899301540883,0.0,0.012259153750000001,0.1088271436571117,0.002164873,0.0,0.00440747675,0.00867916925,0.0,0.00251051075
L_temporalpole,0.0018211875714285715,0.031730208230647976,0.10278882881417728,0.05739767641692927,0.02012112214285714,0.03349825731917229,0.0036291721428571427,0.0907737242693405,0.0,0.1553269075113701,0.0,0.0018302377142857143,0.056062676315536006,0.08495832881039762,0.0015734475714285715,0.01969159573573207,0.04648377484988623,0.0,0.017106351745610798,0.050575854872718505,0.11565107207244887,0.002763186857142857,0.09071453688521976,0.015501852285714286
L_transversetemporal,0.052833805467775476,0.01147420681818182,0.04049785809631094,0.0,0.0021879323636363637,0.010170041272727274,0.01621177927272727,0.033010112168831734,0.05408592288355007,0.0023080192727272728,0.006109099636363636,0.016240006909090908,0.003810224909090909,0.0,0.07851288312753105,0.05744554010000829,0.025701169272727267,0.4345475454806538,0.04852522418170397,0.001528321,0.013445907391428473,0.07821524799931401,0.009142266545454546,0.003996886000000001
L_insula,0.010501964176068294,0.03388556584822867,0.036358837813110216,0.046136133780280364,0.0352355444409366,0.029152901760079293,0.04422478479717328,0.061570757367386486,0.07411041286447832,0.06956368711893758,0.003602449576923077,0.005271630692307692,0.012383303653846154,0.03350075393983071,0.020141893194749204,0.08451864573373039,0.08226704074318149,0.05042642836358581,0.13348271318420568,0.029692277969972716,0.04470590001439191,0.004328643615384615,0.04119559593326675,0.013742133346153845
R_bankssts,0.0007096583333333333,0.06163400763883493,0.14019184109974167,0.0,0.012830516333333333,0.011070426333333334,0.011121421999999999,0.0,0.020776192333333336,0.0520446674564063,0.0025846986666666666,0.009617865,0.012149119333333333,0.004094370666666667,0.13794178609329377,0.2642375087617894,0.0,0.05481486422436377,0.14898575190860172,0.0,0.017518115666666667,0.03413578566666667,0.0034835303333333335,5.787166666666667e-05
R_caudalanteriorcingulate,0.05792104166666667,0.05974850086545466,0.12696087091775857,0.04724512,0.01687369,0.07271177267482364,0.030280361999999995,0.12444001052468164,0.006877443333333334,0.16334859160446355,0.0,0.008846143,0.015765995666666668,0.08333766381301183,0.012378465,0.010212418,0.03610666466666667,0.0,0.036019158333333336,0.0,0.038188242475109,0.013092312333333333,0.027792577,0.011852955666666666
R_caudalmiddlefrontal,0.024178058199999998,0.0246974265,0.12873301797457176,0.0082752165,0.051863708898791924,0.09819353167533248,0.0163302485,0.03695707300857246,0.018313908299999997,0.01428663374693788,0.008268799400000002,0.014678127099999999,0.0078469933,0.0003601321,0.018922679200000004,0.10947255970102847,0.0082673521,0.05270102406679729,0.03765868577013162,0.22064385752964646,0.019878552,0.042720727012641714,0.0190130186,0.017738669500000002
R_corpuscallosum,0.0,0.0,0.0,0.0,0.0,0.0,0.0,0.0,0.0,0.0,0.0,0.0,0.0,0.0,0.0,0.0,0.0,0.0,0.0,0.0,0.0,0.0,0.0,0.0
R_cuneus,0.052807242,0.002837494,0.061830397,0.0,0.0,0.0,0.02146013,0.013941464,0.040473069,0.0,0.004994654,0.014335052,0.008157252,0.0,0.005552384,0.0,0.049846752,0.6052894655661172,0.0,0.0,0.00730904,0.086066329,0.025099277,0.0
R_entorhinal,0.020420396666666667,0.002546238,0.1011256694815091,0.072575741608313,0.05034943587527336,0.0060484883333333335,0.02845334066666667,0.029273058666666667,0.061784665742702104,0.011052738,0.010607773333333334,0.002763068,0.08572692250199314,0.07777849776247987,0.02490600633333333,0.0037579013333333337,0.052141930999999996,0.0349417474355452,0.08987086338443151,0.036615566681069,0.15612548252385636,0.0,0.026558400333333333,0.014576065666666667
R_fusiform,0.012239297276169585,0.026536495088591367,0.07081670512882937,0.025561325909865505,0.027888173575544392,0.020901203956204168,0.04385098059318252,0.013262545220495917,0.03440578523592124,0.03968512098585838,0.0070506027037037025,0.004577008666666667,0.02235409542037621,0.028462630338826282,0.05400955204568031,0.16411627746835844,0.01134663811111111,0.07325795261093687,0.11806008803712743,0.11366378977548833,0.03413879705388402,0.020052682580678077,0.027756715555555544,0.006005536703703703
R_inferiorparietal,0.026084806904235276,0.028409748474974086,0.05953441627169223,0.015744021375,0.0132425781875,0.08630332870346362,0.05142136231826843,0.009588343375,0.0259696314375,0.05683502404375924,0.005614987625000001,0.007332460062499999,0.0166325588125,0.00349511825,0.055485315925302654,0.12644003377487106,0.010658621687043061,0.09386087398306742,0.060820359169639224,0.16966438241362186,0.014036964875581938,0.04303579019861127,0.016975129749999998,0.0028141425625
R_inferiortemporal,0.02489139457445848,0.03208013159621058,0.055016135615389886,0.036753137052296915,0.021760732761468195,0.018829892483383008,0.04950717369203125,0.013167130086363225,0.031194181515996202,0.0589952932564982,0.005377911722222222,0.0034517043611111114,0.02906558280169797,0.0419140968731591,0.030132239206661766,0.17491422803280188,0.03109871634306389,0.0366855141278773,0.07668335320837648,0.13872840780613874,0.03130648239884042,0.009396124277777777,0.04109365504404044,0.007956781294444444
R_isthmuscingulate,0.032157382428571434,0.0435020044161673,0.14450010272422634,0.017881416142857143,0.006221635714285715,0.12344409318217268,0.02146317753518013,0.0659971237144184,0.012112844999999999,0.06024508290803732,0.0027144124285714286,0.014425587857142857,0.015963762428571428,0.018115272857142855,0.07298986615138732,0.014911047714285712,0.023803567571428572,0.11827304785158799,0.12253639450905787,0.03946606730180465,0.0,0.013420310999999999,0.0014108211428571428,0.014444977285714287
R_lateraloccipital,0.05503307907778043,0.012983454571428573,0.08781850885159466,0.002449739357142857,0.006056063357142857,0.01933618803511097,0.0221989835,0.016666614142857143,0.004996895642857143,0.018964332642857146,0.006914260285714286,0.011166373428571427,0.014621763785714285,0.005952878785714285,0.0973614161311983,0.12019349017964953,0.0037664530714285713,0.29831495092220983,0.03351833942857142,0.05639708648472599,0.020097314,0.061462535431940114,0.02347725357142857,0.00025202535714285713
R_lateralorbitofrontal,0.0111079575,0.024204009357142852,0.09101860348249118,0.05169016467145558,0.04193624387906402,0.014081856785714286,0.028713348090709,0.020770528934918348,0.0719498417126194,0.048409760074854466,0.004971042071428571,0.003753900357142857,0.0199310035,0.019888909071428575,0.0441526498545027,0.16021456839585865,0.0079733085,0.036193946175938116,0.05546048445770901,0.147371146352645,0.02003180964285714,0.019555316285714285,0.04354862474490906,0.013070976214285714
R_lingual,0.033204356428571426,0.014185852632572661,0.07292800289222269,0.000454427,0.010080552000000001,0.028100262714285708,0.01580406942857143,0.039407480455067576,0.016327837714285715,0.03011006242857143,0.008066881785714285,0.014376084992857143,0.01240258642857143,0.004956736142857143,0.039827885512845614,0.0879599401559674,0.01313287742857143,0.4173887952430531,0.06979335408863878,0.0056076058571428574,0.009937080928571429,0.05356156489783377,0.0020959314285714284,0.00028977164285714287
R_medialorbitofrontal,0.017456622499999998,0.04890316043078777,0.05231087555360332,0.057914372597501616,0.03523697475,0.0053178606875,0.0186160041875,0.009611316564260787,0.06254693335722294,0.041466112210362144,0.002313338625,0.00265944175,0.0202613959375,0.0368849986875,0.04061343033525097,0.243066391015501,0.004616254562500001,0.008626250484315756,0.04951635062591623,0.12032866804368356,0.03446794043250392,0.0125023371875,0.06241187184086473,0.012351097625
R_middletemporal,0.019991282405883222,0.03567530373816255,0.07445759954920474,0.04102139608274588,0.02216547854286681,0.019223638978759918,0.03608730284190277,0.020564874897484178,0.04986407934366508,0.050414801500279584,0.007855603333333332,0.004492069233333334,0.019802806233333338,0.031092811860485552,0.05326295066624571,0.10836581254335666,0.02580816854102232,0.03656592359105313,0.08950784237316925,0.1467815561678103,0.04178724694250024,0.012738527000000001,0.044891955983798054,0.007580967733333333
R_parahippocampal,0.028031657,0.0,0.0,0.065840671,0.0,0.0,0.0,0.0,0.062972486,0.1292648812201477,0.0,0.0,0.002112459,0.039643756,0.0,0.3306812139826348,0.0,0.0,0.1617655177313421,0.1089181378116758,0.01949993,0.0,0.051269289,0.0
R_paracentral,0.014980715090909091,0.028987458363636365,0.14120072432032618,0.01643477890909091,0.008733836545454544,0.18330320646247913,0.009229180181818182,0.06764727612932532,0.006120878090909091,0.07816792910643397,0.005793261454545454,0.01193155209090909,0.014681799909090907,0.01068634109090909,0.1008053192475371,0.06797006768799545,0.0029400884545454547,0.033321015246198675,0.13266955150869703,0.0030109979090909085,0.027712841454545455,0.021613671272727272,0.00766282009090909,0.0043946890909090895
R_parsopercularis,0.0,0.020367735,0.12309513021786364,0.03449303,0.06675225423499304,0.0,0.048171678,0.0032085975,0.12171518267163474,0.00559871675,0.0015572902499999999,0.013764712500000002,0.018903136499999997,0.021906485,0.00286475025,0.162876414752817,0.01339040675,0.01247368925,0.1267180081906097,0.06460843742925508,0.04851229860518383,0.024697881,0.052961126000000004,0.011363039750000001
R_parsorbitalis,0.030911483999999996,0.04693300553516834,0.07831362287207273,0.021713761857142858,0.023763605125270797,0.0294700770623756,0.03588710631510883,0.03263231135957257,0.07813476281494633,0.019407610428571427,0.0003029095714285715,0.005250638571428571,0.022121000571428573,0.014513948857142859,0.08431404962507331,0.1181436289277945,0.020268352,0.030008899942996197,0.03404172240869357,0.18054498449755857,0.004780365142857143,0.03249906342857143,0.04723376996071616,0.008809318714285714
R_parstriangularis,0.01925025314285714,0.03746437057142856,0.1658406328475752,0.031969877142857143,0.009516107857142858,0.07190254121330729,0.015012524714285715,0.009480320285714286,0.04945005732011439,0.021622092,0.004111925285714286,0.008805149571428573,0.017824285,0.005488082,0.08540731928930219,0.1226099918931755,0.008222416714285714,0.0,0.08281024832396985,0.08482319108760406,0.0472758296719814,0.05497588730893439,0.026634313857142856,0.019502582714285715
R_pericalcarine,0.040224896499999996,0.0,0.058687928188272724,0.0,0.00681345325,0.0096829025,0.017147778250000002,0.050436904799461425,0.0068110975,0.00886258425,0.0024977275,0.0119375455,0.011570207749999999,0.00134865725,0.03830178075,0.0,0.0103523765,0.6061525433515045,0.06096632875000001,0.0,0.00216322125,0.0501200125,0.00547885525,0.000443199
R_postcentral,0.02244622148,0.022180753770117523,0.059430061842752194,0.004375759480000001,0.016855626239999998,0.05436619832231053,0.013398729855999998,0.049778573966128524,0.025980481497507646,0.011183602794589888,0.00889440104,0.0068602504,0.01722531884,0.0024600743199999996,0.1257659852890378,0.10556466305683287,0.00950306192,0.25380777039979674,0.046784467665009294,0.047598922445096184,0.022284870017701738,0.05459561002906657,0.013294871960000001,0.00536372356
R_posteriorcingulate,0.04820267730176641,0.036249360434782975,0.07258929845853324,0.04654434994092558,0.019189167444444447,0.10381834648172211,0.025682779200353365,0.041426666331253185,0.061906545180631004,0.06738702722858692,0.0026821719999999996,0.009426826666666666,0.017068268555555557,0.029541341,0.011843706968825923,0.10533704522205443,0.008484503999999999,0.025721976965733764,0.053295464733822434,0.08281897555004347,0.047296964754423916,0.03657896070177933,0.040401255941264584,0.006506318666666667
R_precentral,0.028948480024610913,0.03262104105824036,0.10294134083308876,0.004547418681818182,0.013575752818181819,0.22354146129944538,0.010825354991670318,0.07789900361899839,0.015010984739955768,0.01497259463636364,0.004416382954545454,0.012322472818181817,0.015882842636363637,0.0031232719090909093,0.10373598689774594,0.03501110540182281,0.014223894454545454,0.06676793138411993,0.11781566498004069,0.04570566962195686,0.016166666957959003,0.027322356381868106,0.0032294342272727273,0.00939288659090909
R_precuneus,0.043155426731695604,0.0199697775064271,0.05059921006697531,0.022173228,0.02210289188888889,0.06805957479186764,0.06161730100250811,0.03242820983543907,0.023098483666666666,0.023737779666666667,0.003487223777777778,0.004801096,0.021138714666666666,0.019700012222222223,0.032710605074126625,0.11645581803439903,0.016104894111111115,0.14262907770051086,0.012956051222222223,0.1804855702293026,0.03357197107604907,0.031396342333333334,0.008339382555555556,0.009281357666666667
R_rostralanteriorcingulate,0.02210838525,0.06656374929415809,0.13993405133488176,0.04668294475,0.0193954495,0.051265347,0.035956339000000004,0.12092391835467747,0.06853128020964004,0.12673152006454322,0.0003753025,0.0006769157500000001,0.025935744,0.09160722721835443,0.000320188,0.0,0.01255867075,0.0,0.0525557647316348,0.02929026191001835,0.03097139325,0.0,0.041088995749999996,0.0165265515
R_rostralmiddlefrontal,0.034523534376149585,0.0361220055500436,0.06669636689957578,0.03580231693540809,0.02052586181841766,0.029994134814547557,0.03313030664195816,0.03397317582343839,0.032689468097311686,0.03186678496036083,0.007099705925925925,0.010142998148148149,0.009828776885185185,0.01266291648148148,0.07059584420974102,0.18870377520354356,0.018169565830309847,0.06591111074303642,0.04410570431223069,0.10410422228944105,0.013284910093048715,0.04803691742066482,0.04619100401900916,0.005838592518518519
R_superiorfrontal,0.023321259229478922,0.04194615749541041,0.07654317105736806,0.030060496987677394,0.020734464903225808,0.09677511398230142,0.018942449899361464,0.050263226083963254,0.04199641176897399,0.052557694857879374,0.0005247012258064516,0.006556865870967742,0.018219606806451613,0.031438250426087305,0.09209588158077765,0.09329158533994146,0.0179760594516129,0.03184185147983341,0.05537971110711918,0.09406353949556988,0.03393434975372291,0.022908150595436154,0.040307187311852836,0.008321813483870967
R_superiorparietal,0.01636534511997006,0.01716615576923077,0.036350360233899474,0.020996059384615382,0.027231100713308566,0.02943646130769231,0.05772317561054566,0.015476970251772653,0.004287522846153846,0.05640517300618535,0.003980780999999999,0.005192833230769231,0.020333588153846158,0.0036469493846153847,0.055619384273055225,0.16883657068120414,0.013561833925106608,0.1920404052411927,0.022918943985780448,0.15993810512435017,0.0077908038461538456,0.05217133291412541,0.010103363384615384,0.0024267805384615387
R_superiortemporal,0.022988712944613965,0.04025525222093851,0.08128271913008393,0.0182883345,0.03324030690510155,0.03192786073333763,0.027570683893201057,0.02944417878535815,0.045757399909395126,0.020863599325067365,0.0045577485,0.00586384251923077,0.01737013103846154,0.03151575965539883,0.08344023982203826,0.08178414509503461,0.03257151916351963,0.13274677464406956,0.09008069677868785,0.06459016472163667,0.04462563067278626,0.016292987198281036,0.03502409941119507,0.007917212192307694
R_supramarginal,0.02954103451751413,0.0274952527,0.06860444194545087,0.0293761893,0.0157372091,0.03679852609469772,0.03181005939999999,0.01576478738655491,0.019483148,0.014976685,0.005946981799999999,0.008802728999999999,0.018535723400000002,0.0181915233,0.06613908881086741,0.2692247192217864,0.0,0.05648328804591522,0.07856463286693319,0.08832705583017252,0.026407425899999996,0.030762805563191054,0.036636531900000005,0.0063901613
R_frontalpole,0.03501156525,0.01918231225,0.057573940500000004,0.057110953000000006,0.011594374,0.0,0.0301308370507755,0.05314397607816415,0.09549410992725187,0.0464326529582684,0.005412213000000001,0.0040459295,0.008431567999999999,0.02413326725,0.0,0.2835533331333273,0.0298700907233276,0.0,0.0168106535,0.09374922182736595,0.031556731,0.0027328345,0.08812715282466774,0.00590228375
R_temporalpole,0.0,0.03759331666666666,0.10895707229802713,0.0596995785623885,0.004275544,0.04482008779241247,0.0375457539319341,0.033764354,0.03664383483120973,0.049236658807385404,0.0,0.004518406666666666,0.03667375366666666,0.04778252458458577,0.04070784072530503,0.04296221888761614,0.07163680354002747,0.0,0.24792853721144184,0.0,0.055432450356720835,0.0,0.028944237,0.010877025666666667
R_transversetemporal,0.072168073,0.0,0.09662966043516595,0.0,0.0,0.07705125381314185,0.003311604,0.0648733422372873,0.0116088135,0.0107281665,0.0054253205,0.004383943,0.000820459,0.0,0.09919794116155975,0.07399018879265565,0.006370464,0.41474887924720866,0.0,0.0141540255,0.0,0.0445378665,0.0,0.0
R_insula,0.0109205183,0.0163355322,0.12962990565640783,0.04774881546855608,0.04962105519125869,0.013219321100136822,0.032535094,0.08107967366970843,0.09166449634248865,0.047393368183535796,0.0027628227999999997,0.008511041799999999,0.04373279272625655,0.034128366329341124,0.01219602623068819,0.06673159545181236,0.07536382155894612,0.055666908192641563,0.08119339545381668,0.0,0.037638570843351246,0.0003078671,0.04736514714819883,0.014253864800000002
